{
  "nodes": 40902,
  "edges": 120030,
  "density": 7.174825374416048e-05,
  "largest_component_size": 36427,
  "num_connected_components": 2023,
  "avg_clustering": 0.030312207919000907
}