{
  "top_hashtags": [
    [
      "高市早苗",
      17125
    ],
    [
      "高市早苗は憲政史上最悪の総理大臣",
      6171
    ],
    [
      "高市やめろ",
      6077
    ],
    [
      "高市早苗が国難",
      5071
    ],
    [
      "高市早苗って統一教会だったんだな",
      4596
    ],
    [
      "高市早苗は統一教会",
      4206
    ],
    [
      "自民党",
      3874
    ],
    [
      "高市早苗は平気で嘘をつく",
      3430
    ],
    [
      "高市早苗を支持しません",
      3090
    ],
    [
      "Yahooニュース",
      1716
    ],
    [
      "高市早苗の逮捕まだですか",
      1537
    ],
    [
      "高市早苗に騙されるな",
      1497
    ],
    [
      "高市早苗総理を支持します",
      1355
    ],
    [
      "高市早苗さんを総理大臣に",
      1266
    ],
    [
      "高市辞めろ",
      1038
    ],
    [
      "高市逃げた",
      883
    ],
    [
      "こんなひどい総理は初めてだ",
      873
    ],
    [
      "高市モームリ",
      845
    ],
    [
      "自民党は統一教会",
      841
    ],
    [
      "戦争反対",
      764
    ],
    [
      "統一教会",
      756
    ],
    [
      "ママ戦争止めてくるわ",
      747
    ],
    [
      "衆院選2026",
      739
    ],
    [
      "自民党政治を終わらせよう",
      736
    ],
    [
      "日本列島を強く豊かに",
      701
    ],
    [
      "サナ活",
      661
    ],
    [
      "国会中継",
      597
    ],
    [
      "高市早苗って統一協会だったんだな",
      592
    ],
    [
      "私たちは高市早苗を支持しません",
      575
    ],
    [
      "高市早苗の裏帳簿",
      568
    ],
    [
      "早苗あれば憂いなし",
      518
    ],
    [
      "高市鬱",
      516
    ],
    [
      "日曜討論",
      491
    ],
    [
      "WeDontSupportSanaeTakaichi",
      483
    ],
    [
      "高市早苗は日本の恥",
      480
    ],
    [
      "高市総理",
      478
    ],
    [
      "拉致被害者全員奪還",
      476
    ],
    [
      "戦争あおるな高市早苗",
      466
    ],
    [
      "スパイ防止法に反対します",
      452
    ],
    [
      "衆議院選挙",
      447
    ],
    [
      "高市内閣の退陣を求めます",
      435
    ],
    [
      "高市総理の発言撤回を求めます",
      426
    ],
    [
      "高市早苗が日本を滅ぼす",
      420
    ],
    [
      "高市やばい",
      411
    ],
    [
      "滅べ自民党",
      408
    ],
    [
      "高市早苗は息を吐くように嘘をつく",
      405
    ],
    [
      "戦争反対憲法守れ",
      402
    ],
    [
      "私は高市早苗を支持しません",
      394
    ],
    [
      "れいわ新選組",
      384
    ],
    [
      "特定失踪者全員奪還",
      381
    ]
  ],
  "monthly_keywords": {
    "2025-10": {
      "高市": 1.072578749285574,
      "早苗": 0.6646485850596202,
      "co": 0.28548560989506333,
      "https": 0.28487133209001747,
      "自民党": 0.22512381273677518,
      "日本": 0.115497720513055,
      "早苗氏": 0.10104869893004392,
      "小泉": 0.0799218353698199,
      "女性": 0.07771289330054312,
      "大臣": 0.06731564891053361,
      "議会": 0.06050636379701718,
      "次郎": 0.06009966182560697,
      "議員": 0.05897066928440253,
      "投票": 0.04802104650286784,
      "国民": 0.04316117978184929
    },
    "2025-11": {
      "高市": 0.5532969686413268,
      "早苗": 0.3325993256549302,
      "co": 0.20347870370156962,
      "https": 0.2030413032206978,
      "日本": 0.08410917705751832,
      "首相": 0.07310507534712901,
      "自民党": 0.06624002716061014,
      "国民": 0.04156795118862598,
      "11": 0.04120312529812523,
      "質問": 0.03525447875826851,
      "問題": 0.03507951856591979,
      "憲法": 0.03254259577686324,
      "10": 0.03201771519981706,
      "議員": 0.03175527491129397,
      "大臣": 0.031514269542857666
    },
    "2025-12": {
      "高市": 0.43508278402394573,
      "早苗": 0.28220724457906793,
      "co": 0.16043430168011483,
      "https": 0.16029647152403223,
      "日本": 0.09304039245847617,
      "首相": 0.05555403060978134,
      "12": 0.03500885964497351,
      "台湾": 0.03255313255954021,
      "自民党": 0.030713172455958056,
      "問題": 0.029771313713835738,
      "議会": 0.02756603121651457,
      "語大賞": 0.026945795514142994,
      "市場": 0.026325559811771416,
      "中国": 0.026002662249732807,
      "国民": 0.02466239223373342
    },
    "2026-01": {
      "高市": 0.5940928256231406,
      "早苗": 0.4363609922129143,
      "統一": 0.24700198360221967,
      "https": 0.18862470319678984,
      "co": 0.18862470319678984,
      "教会": 0.1623116536386023,
      "日本": 0.08790531935308354,
      "自民党": 0.07458569355343089,
      "首相": 0.04542289098415907,
      "防止": 0.0370608801193701,
      "議会": 0.036439906165024606,
      "2026": 0.030749039207262577,
      "議員": 0.028087182081857755,
      "AI": 0.027811817551643466,
      "安倍晋三": 0.027749485112597224
    },
    "2026-02": {
      "高市": 1.092597982243472,
      "早苗": 0.7446655926676505,
      "https": 0.2183010665351833,
      "co": 0.2183010665351833,
      "討論": 0.2137391511927148,
      "自民党": 0.17857795160651635,
      "日曜": 0.13632076435141133,
      "統一": 0.13256389289290788,
      "教会": 0.0891423914759508,
      "日本": 0.07203085634791367,
      "党首": 0.06849007833115972,
      "首相": 0.06049239182542487,
      "NHK": 0.059304899452090366,
      "帳簿": 0.05460881012896104,
      "国民": 0.04537985632286513
    },
    "2026-03": {
      "高市": 0.8331499612228941,
      "早苗": 0.5970083058163882,
      "co": 0.20218210277844942,
      "https": 0.20182884342589533,
      "自民党": 0.0851886798949805,
      "日本": 0.08402417414178638,
      "首相": 0.06878621680466303,
      "政史": 0.0630949556620011,
      "統一": 0.059818583699156845,
      "国民": 0.05511139906261003,
      "大臣": 0.05250584307231492,
      "教会": 0.03948607623367893,
      "問題": 0.035914700842997714,
      "SANAE": 0.03344188537511918,
      "TOKEN": 0.0321466010824209
    },
    "2026-04": {
      "高市": 0.8216804744100821,
      "早苗": 0.5478776513976816,
      "co": 0.17604090953806453,
      "https": 0.1759240165038427,
      "日本": 0.11278032839493815,
      "自民党": 0.06716761201212465,
      "国民": 0.062295710498510334,
      "首相": 0.0565969012052224,
      "憲法": 0.04991332561271817,
      "統一": 0.04699099975717261,
      "大臣": 0.032981363834784054,
      "教会": 0.030022181667278797,
      "情報": 0.027820542144793733,
      "辞任": 0.025833360563022753,
      "問題": 0.02536578842613546
    },
    "2026-05": {
      "高市": 1.0845548625216903,
      "早苗": 0.761846017366351,
      "co": 0.30835811460413043,
      "https": 0.3080166327496408,
      "憲法": 0.1738142639352186,
      "日本": 0.1186168180919294,
      "自民党": 0.10298491401486068,
      "首相": 0.07203995818825985,
      "国民": 0.0669991860225978,
      "統一": 0.06675970255272148,
      "天皇": 0.048266624840545155,
      "教会": 0.04760481858299156,
      "動画": 0.04695375499232329,
      "大臣": 0.03802347952360199,
      "誹謗": 0.036538558430389764
    }
  },
  "total_unique_hashtags": 34297
}